{
    "Ariyalur": {
        "mean": [
            28.378153668283606,
            69.30281247643703,
            999.9199889411115
        ],
        "scale": [
            4.332635426628661,
            19.22839335587948,
            3.436511750183911
        ]
    },
    "Chengalpattu": {
        "mean": [
            27.94336990555711,
            74.55135809383194,
            1002.8551256268614
        ],
        "scale": [
            3.8793795037888446,
            17.453008856319876,
            3.8564267100269936
        ]
    },
    "Chennai": {
        "mean": [
            28.084854349410612,
            75.28220272953477,
            1007.1357704777944
        ],
        "scale": [
            3.124060019409811,
            13.806947527566471,
            3.9904807667236857
        ]
    },
    "Coimbatore": {
        "mean": [
            25.605906451856136,
            73.35569407092768,
            961.8049362857215
        ],
        "scale": [
            3.847079922097623,
            20.99675103110053,
            2.6881662857942845
        ]
    },
    "Cuddalore": {
        "mean": [
            27.925845125292184,
            76.29813758262749,
            1008.0377384572851
        ],
        "scale": [
            3.186314237962769,
            13.492339212779264,
            3.682146052954933
        ]
    },
    "Dharmapuri": {
        "mean": [
            26.10244803579058,
            69.16088169502602,
            958.5556488300199
        ],
        "scale": [
            4.3716224166356055,
            20.94677819938974,
            2.9703408935488422
        ]
    },
    "Dindigul": {
        "mean": [
            27.546565461080256,
            65.7150576821575,
            977.7899313846232
        ],
        "scale": [
            4.442433904450009,
            20.136673662325414,
            2.9715259944487316
        ]
    },
    "Erode": {
        "mean": [
            28.332736823585595,
            65.96765275089854,
            989.2284389373413
        ],
        "scale": [
            4.489432330069516,
            21.278195169994376,
            3.0817745030381927
        ]
    },
    "Kallakurichi": {
        "mean": [
            27.911413275693064,
            69.73534068916983,
            994.1386307085228
        ],
        "scale": [
            4.392810381809324,
            19.127541611575968,
            3.5917345505318052
        ]
    },
    "Kanchipuram": {
        "mean": [
            27.9716540578581,
            72.19312840877673,
            998.7154950109332
        ],
        "scale": [
            4.261893674102762,
            19.13954717593012,
            3.8504020219203623
        ]
    },
    "Kanyakumari": {
        "mean": [
            27.328446477492648,
            75.61173247543168,
            1005.5223012541784
        ],
        "scale": [
            2.529127099139051,
            13.184591926916017,
            2.2571338197104343
        ]
    },
    "Karur": {
        "mean": [
            28.647043003996284,
            65.25485711413276,
            994.7390001759369
        ],
        "scale": [
            4.397859046120604,
            19.975091778868002,
            3.1153424160098098
        ]
    },
    "Krishnagiri": {
        "mean": [
            26.011915952446778,
            68.41641742277628,
            955.6128333375223
        ],
        "scale": [
            4.337080259604126,
            20.316155969652623,
            3.0207396619215996
        ]
    },
    "Madurai": {
        "mean": [
            28.496775328624928,
            65.2110739688843,
            993.0210169150727
        ],
        "scale": [
            4.377291977328367,
            19.971639857376235,
            3.0715179269442907
        ]
    },
    "Mayiladuthurai": {
        "mean": [
            28.086271415115952,
            74.55876587836978,
            1007.0249039024516
        ],
        "scale": [
            3.781197566363375,
            16.681454784011333,
            3.489266497661736
        ]
    },
    "Nagapattinam": {
        "mean": [
            28.24992082841129,
            74.61897102068515,
            1007.9568627943802
        ],
        "scale": [
            3.108588970732776,
            13.995110256205864,
            3.366158871980217
        ]
    },
    "Namakkal": {
        "mean": [
            27.739872320104556,
            66.30962374644984,
            984.2436599894438
        ],
        "scale": [
            4.541176480291599,
            20.404509316054906,
            2.988126435771748
        ]
    },
    "Nilgiris": {
        "mean": [
            14.696762761706088,
            81.49146706210571,
            782.6327066629804
        ],
        "scale": [
            3.032671448227429,
            18.69327032838557,
            2.577735801903407
        ]
    },
    "Perambalur": {
        "mean": [
            28.29468419332948,
            67.8336642621962,
            995.1430718576419
        ],
        "scale": [
            4.412650256460889,
            19.26354465995791,
            3.430995981405987
        ]
    },
    "Pudukkottai": {
        "mean": [
            28.25623947520547,
            69.65001131022696,
            997.4944630155579
        ],
        "scale": [
            4.206029464386384,
            19.342031777104413,
            3.1788111029453128
        ]
    },
    "Ramanathapuram": {
        "mean": [
            28.26397567044512,
            73.90899037374017,
            1007.5356573755247
        ],
        "scale": [
            3.3497930289391475,
            15.235079902684202,
            3.0075641391256998
        ]
    },
    "Ranipet": {
        "mean": [
            27.794239324402447,
            69.21175258250182,
            989.3425490738181
        ],
        "scale": [
            4.470439768103256,
            20.03048358287219,
            3.7498059321703483
        ]
    },
    "Salem": {
        "mean": [
            27.439331942594315,
            67.00065347977983,
            977.452856460653
        ],
        "scale": [
            4.422841236648148,
            20.9936216090685,
            2.982197928198746
        ]
    },
    "Sivaganga": {
        "mean": [
            28.438756377711307,
            68.56367657777666,
            997.6628396209819
        ],
        "scale": [
            4.247666792052202,
            19.570056001430295,
            3.0945025646448165
        ]
    },
    "Tenkasi": {
        "mean": [
            26.690532083343804,
            75.02850177193555,
            990.2574308191117
        ],
        "scale": [
            3.263516155796203,
            15.94945115223316,
            2.6124703628743267
        ]
    },
    "Thanjavur": {
        "mean": [
            28.194437881720162,
            71.07864377811848,
            1002.1096941211953
        ],
        "scale": [
            4.2394486436507375,
            18.81275887634585,
            3.340215864762331
        ]
    },
    "Theni": {
        "mean": [
            27.106318646794175,
            64.86538316535552,
            976.0189006459397
        ],
        "scale": [
            4.065816045694913,
            19.36279063958869,
            2.8497742239976955
        ]
    },
    "Thoothukudi": {
        "mean": [
            28.46612461356725,
            71.88405760675597,
            1008.6163495614146
        ],
        "scale": [
            3.2943025444902716,
            15.41158270057351,
            2.8749023161624647
        ]
    },
    "Tiruchirappalli": {
        "mean": [
            28.55692311559052,
            67.2039108251439,
            999.7487998592505
        ],
        "scale": [
            4.457496878382075,
            19.829936897347753,
            3.318278951167314
        ]
    },
    "Tirunelveli": {
        "mean": [
            28.681194862643576,
            67.2956744665343,
            1003.3513911579158
        ],